Simbolo,Posicion,Costo Promedio
AAPL,40.0,238.897549
DIS,100.0,117.120048
PYPL,10.0,86.74005
AMZN,110.0,210.85459365
